year	month	tmax	tmin	af	rain	sun	station
1959	1	4.4	-1.4	20	NA	78.1	cambridge
1959	2	7.5	1.2	9	NA	66	cambridge
1959	3	11.5	3.8	0	NA	98	cambridge
1959	4	14.3	5.4	0	NA	146.1	cambridge
1959	5	18.1	6.5	0	NA	224.8	cambridge
1959	6	21.6	10.1	0	NA	252.4	cambridge
1959	7	23.9	12.2	0	NA	270.7	cambridge
1959	8	23.5	13	0	NA	213.4	cambridge
1959	9	21.7	9	0	NA	171.3	cambridge
1959	10	18	7.5	0	NA	167.6	cambridge
1959	11	10.2	3.2	6	NA	59.9	cambridge
1959	12	8.7	3.2	2	NA	36.7	cambridge
1960	1	6.7	1.6	12	NA	36.3	cambridge
1960	2	7.5	1.4	9	NA	72.7	cambridge
1960	3	9.7	2.9	5	NA	61.6	cambridge
1960	4	14	4.5	2	NA	162.7	cambridge
1960	5	18.5	8.2	0	NA	202.6	cambridge
1960	6	21.7	10.4	0	NA	260.2	cambridge
1960	7	20.1	11.4	0	NA	154.7	cambridge
1960	8	20.6	10.9	0	NA	159.8	cambridge
1960	9	17.7	9.5	0	NA	125	cambridge
1960	10	14	7.6	0	NA	71.8	cambridge
1960	11	10.6	4.6	0	NA	65.4	cambridge
1960	12	6.5	2.1	5	NA	48.6	cambridge
1961	1	6.2	1	5	55.9	50.5	cambridge
1961	2	10.3	4.3	0	50.4	65.9	cambridge
1961	3	13.7	3.3	1	5.2	170.4	cambridge
1961	4	14.9	6.2	0	44.5	101	cambridge
1961	5	16.4	6.4	0	23.6	218.4	cambridge
1961	6	21.4	9.8	0	32.7	243.2	cambridge
1961	7	20.9	11.3	0	32.8	185.6	cambridge
1961	8	21.3	11.6	0	50.3	182.6	cambridge
1961	9	20.4	11.5	0	63.8	131.1	cambridge
1961	10	15.3	7.3	0	57.8	141.4	cambridge
1961	11	9.4	2.9	6	41.5	72.7	cambridge
1961	12	5.5	-0.6	18	79.7	58.3	cambridge
1962	1	7.3	0.7	9	62.3	73.5	cambridge
1962	2	7.6	1.2	9	11.4	79.3	cambridge
1962	3	6.8	-1.4	17	26.5	102.4	cambridge
1962	4	12.3	4.1	1	38.8	139.5	cambridge
1962	5	14.5	6.6	1	45.9	160.1	cambridge
1962	6	19.6	8	0	0.5	289.6	cambridge
1962	7	19.4	11	0	56	126.4	cambridge
1962	8	19.9	11	0	55.1	182.1	cambridge
1962	9	17.5	8.9	0	73.6	129.6	cambridge
1962	10	14.9	6.5	1	32.5	104.4	cambridge
1962	11	8.2	2.6	8	35.5	34.2	cambridge
1962	12	4.6	-2.5	18	33.7	68.6	cambridge
1963	1	-0.1	-5.7	29	24.7	58	cambridge
1963	2	1.2	-3.5	27	13.2	59	cambridge
1963	3	9.9	2.8	7	50.3	102.6	cambridge
1963	4	13.4	4.7	3	41	124.9	cambridge
1963	5	15.8	6.3	0	43.5	189.5	cambridge
1963	6	20.6	10	0	43	201.8	cambridge
1963	7	20.6	10.6	0	52.4	170.1	cambridge
1963	8	19	10.6	0	100.4	119.6	cambridge
1963	9	17.9	9.3	0	44.1	134	cambridge
1963	10	14.3	8	0	48.6	78.4	cambridge
1963	11	11.4	5.2	1	78.6	52.8	cambridge
1963	12	5	-0.7	20	11.1	48.7	cambridge
1964	1	5	-0.3	15	18.7	45.8	cambridge
1964	2	7.4	1.8	8	16.6	70.8	cambridge
1964	3	6.7	1.5	10	76.2	52.4	cambridge
1964	4	12.9	5.1	2	59.1	113.9	cambridge
1964	5	19.6	8.7	0	21.5	208.5	cambridge
1964	6	18.7	10.4	0	94.7	150.7	cambridge
1964	7	22.2	12.2	0	40.2	198	cambridge
1964	8	21.6	11.5	0	21.8	200.2	cambridge
1964	9	20.5	8.9	0	12.1	196.1	cambridge
1964	10	13.3	4.6	0	27.1	114.2	cambridge
1964	11	10.5	4	6	34.8	63	cambridge
1964	12	6.5	0.1	17	37.3	48.7	cambridge
1965	1	6.1	0.9	16	47.4	78.3	cambridge
1965	2	5.6	0.6	10	15.1	29.1	cambridge
1965	3	10	1.1	11	51.8	125	cambridge
1965	4	12.9	4.2	2	42.4	122.2	cambridge
1965	5	16.5	7.8	0	47.8	166.2	cambridge
1965	6	19.2	9.7	0	43.2	174.8	cambridge
1965	7	18.3	10.4	0	63.6	103.4	cambridge
1965	8	20.3	10.2	0	65.4	174	cambridge
1965	9	17.5	8.8	0	85.6	127	cambridge
1965	10	15.4	6.1	2	14.8	115.1	cambridge
1965	11	8	1.6	14	36.9	86.5	cambridge
1965	12	7.3	1.4	8	81.7	52	cambridge
1966	1	4.6	0.4	16	29.6	34	cambridge
1966	2	8.8	3.3	8	56.7	43.6	cambridge
1966	3	10.8	2.6	7	8.5	115.9	cambridge
1966	4	11.6	4.5	2	65.4	82.2	cambridge
1966	5	16.7	6.5	0	35.8	196.7	cambridge
1966	6	21.5	10.8	0	56.9	181.6	cambridge
1966	7	19.5	11.1	0	70.4	145.5	cambridge
1966	8	20.4	10.6	0	75	186.6	cambridge
1966	9	19	10.1	0	35	148.3	cambridge
1966	10	14.4	7.6	0	64.7	74.9	cambridge
1966	11	8.3	2.7	5	39.9	52.2	cambridge
1966	12	8.4	2	7	69.6	39.9	cambridge
1967	1	7.1	2	8	21.8	71.9	cambridge
1967	2	8.9	2	7	34.7	88.3	cambridge
1967	3	11.7	4	0	18.9	188.3	cambridge
1967	4	12	4	3	53.1	NA	cambridge
1967	5	15.5	6.9	1	118	178.6	cambridge
1967	6	19.5	9.2	0	29.7	213.6	cambridge
1967	7	23.3	12.9	0	61.4	211	cambridge
1967	8	21.4	11.6	0	22.1	152.8	cambridge
1967	9	18.1	10	0	39.1	110.3	cambridge
1967	10	14.6	8.2	0	107.1	94.9	cambridge
1967	11	8.6	2.2	8	44.9	59.4	cambridge
1967	12	6.4	1	13	40.8	65.4	cambridge
1968	1	6.8	0.9	13	37.2	38.2	cambridge
1968	2	4.8	-0.5	19	17.2	40.5	cambridge
1968	3	11.1	2.9	5	10.1	130.8	cambridge
1968	4	13.6	3.7	8	36.8	172	cambridge
1968	5	15	6	0	32.7	149.4	cambridge
1968	6	20.1	10.3	0	75.9	172.4	cambridge
1968	7	19.5	11.3	0	83.5	127.6	cambridge
1968	8	19.6	11.7	0	93.8	120.8	cambridge
1968	9	18.4	10.7	0	85.7	118.8	cambridge
1968	10	16.1	10.1	0	42.1	64	cambridge
1968	11	9	4.3	5	30.9	28.7	cambridge
1968	12	4.8	0.8	10	39.8	18.8	cambridge
1969	1	8.4	3.4	6	58.9	36.1	cambridge
1969	2	3.5	-1.6	16	41.9	76.3	cambridge
1969	3	6.6	0.8	6	53.9	66.4	cambridge
1969	4	13.1	2.8	6	32	190	cambridge
1969	5	16.4	8	0	90.7	166	cambridge
1969	6	19.4	8.6	0	30.3	268.7	cambridge
1969	7	22.9	12.5	0	44.1	213.9	cambridge
1969	8	21	12	0	59.6	119.8	cambridge
1969	9	18.8	10.6	1	2.4	123.4	cambridge
1969	10	17.8	9.1	0	4.6	100	cambridge
1969	11	8.9	2.7	5	64.3	64	cambridge
1969	12	5.3	0.7	12	49.8	19.2	cambridge
1970	1	6.3	1.4	10	52.4	30.3	cambridge
1970	2	6.3	0.1	11	55.9	112.9	cambridge
1970	3	7.1	-0.5	16	32.3	109	cambridge
1970	4	10.8	3.2	5	66.4	125.4	cambridge
1970	5	18.6	8.4	0	19.6	213.3	cambridge
1970	6	22.5	10.7	0	96.5	264.8	cambridge
1970	7	20.4	11.5	0	33.1	184.3	cambridge
1970	8	21.5	11.1	0	33.2	181	cambridge
1970	9	19.9	10.6	0	44.2	161.3	cambridge
1970	10	15.5	7.3	0	20.3	105.8	cambridge
1970	11	NA	4.9	2	117.8	60	cambridge
1970	12	6.6	1.5	12	34.6	37.8	cambridge
1971	1	7.1	2	9	71.6	39.6	cambridge
1971	2	7.9	1.5	7	11.8	76.6	cambridge
1971	3	8.4	1.6	9	41.2	101.8	cambridge
1971	4	11.5	4	2	30.3	119.6	cambridge
1971	5	17.2	6.3	2	51.9	239.8	cambridge
1971	6	16.9	9.1	0	96.4	131	cambridge
1971	7	22.5	12.2	0	16.3	238.3	cambridge
1971	8	20.8	12.2	0	57.4	147.2	cambridge
1971	9	20.1	8.5	0	21.4	173.1	cambridge
1971	10	16.5	5.7	1	65	150.4	cambridge
1971	11	9.5	1.7	11	61.9	96.4	cambridge
1971	12	8.9	3.7	2	17	39.5	cambridge
1972	1	6	1.6	8	46	48.6	cambridge
1972	2	7.5	1.6	5	32.7	46.1	cambridge
1972	3	11.8	2	5	42.1	150	cambridge
1972	4	12.1	5.1	0	43.9	136.1	cambridge
1972	5	15.7	6.8	0	26	205.2	cambridge
1972	6	17.4	8.1	0	22.7	190	cambridge
1972	7	20.9	11.4	0	26.8	167	cambridge
1972	8	20.8	10.9	0	37.6	189.1	cambridge
1972	9	16.4	8.1	0	29.9	121.4	cambridge
1972	10	15.3	6.5	1	7.8	108.1	cambridge
1972	11	9.6	3.2	7	48.9	83.3	cambridge
1972	12	8.6	2.6	2	39	49.8	cambridge
1973	1	6.9	1.8	8	14.8	39.7	cambridge
1973	2	7.8	0.9	11	19.8	88.5	cambridge
1973	3	11.1	2	4	10.4	134.4	cambridge
1973	4	12	3.2	3	42.5	166	cambridge
1973	5	16.7	7.2	0	66.5	200.8	cambridge
1973	6	21.2	9.7	0	NA	273.1	cambridge
1973	7	20.9	11.5	0	36.4	165.5	cambridge
1973	8	23.1	11.9	0	18.4	198.1	cambridge
1973	9	20.1	10.2	0	57.5	170.5	cambridge
1973	10	13.3	5.2	2	25.9	110.4	cambridge
1973	11	9.5	1.7	10	30.1	104.9	cambridge
1973	12	8	1.8	8	29.5	57.3	cambridge
1974	1	NA	2.7	3	46.2	66.4	cambridge
1974	2	8.6	2.7	5	47.7	73.7	cambridge
1974	3	9.6	2.6	3	16.2	100.8	cambridge
1974	4	13.4	2.9	3	10.3	152.8	cambridge
1974	5	16.2	6.1	0	22.3	226	cambridge
1974	6	19.3	9.5	0	52.8	209.3	cambridge
1974	7	20.1	11.1	0	29.1	215.3	cambridge
1974	8	20.8	11	0	89.9	206.4	cambridge
1974	9	16.9	8.7	0	71.2	171.4	cambridge
1974	10	10.7	4.7	1	88.2	96.8	cambridge
1974	11	NA	4.1	1	126.1	58.3	cambridge
1974	12	10.6	5.7	0	28.3	52	cambridge
1975	1	10.1	3.9	3	51.9	38	cambridge
1975	2	8.3	1.2	10	25.2	53.7	cambridge
1975	3	7.8	2.3	7	92.4	70.8	cambridge
1975	4	12.6	4.6	5	79.7	128.6	cambridge
1975	5	14.4	5.9	0	48.5	180.6	cambridge
1975	6	20.8	8.8	0	18	282.3	cambridge
1975	7	23.4	12.6	0	27.4	222	cambridge
1975	8	25.3	13.5	0	26.2	234.3	cambridge
1975	9	19.4	9.4	0	69.8	162.5	cambridge
1975	10	14.2	6.3	0	6.4	126.6	cambridge
1975	11	9.1	2.4	9	37.6	70.6	cambridge
1975	12	7.4	1.7	10	28.1	30.5	cambridge
1976	1	8.3	3.1	9	29.2	52.9	cambridge
1976	2	7.2	1.5	9	14.4	53.5	cambridge
1976	3	9	0.9	12	15.7	116	cambridge
1976	4	12.9	3.9	4	21.4	175	cambridge
1976	5	17.9	7.6	0	31.1	197.8	cambridge
1976	6	24.5	11.4	0	8.3	277.8	cambridge
1976	7	25.7	12.4	0	36.2	282.2	cambridge
1976	8	24.2	10.7	0	33.2	238.2	cambridge
1976	9	18.1	9.7	0	72.7	117.1	cambridge
1976	10	14.4	8.2	0	85.2	57.3	cambridge
1976	11	9.3	3.4	2	76.3	71.9	cambridge
1976	12	4.5	-0.4	13	74.6	61.2	cambridge
1977	1	5.3	0.6	12	45.7	43.5	cambridge
1977	2	9	2.6	3	64.7	65.1	cambridge
1977	3	11	3.6	5	33.7	98.8	cambridge
1977	4	12.2	3.3	8	29.2	173.5	cambridge
1977	5	15.7	5.5	0	39.9	236.8	cambridge
1977	6	16.6	7.3	0	53.9	138.5	cambridge
1977	7	21.3	10.2	0	4.7	208.7	cambridge
1977	8	20	10.1	0	128	149.9	cambridge
1977	9	18.1	9.3	0	13.7	126.5	cambridge
1977	10	16.2	8	0	21.2	120	cambridge
1977	11	9.6	3.7	4	48.3	86.9	cambridge
1977	12	9	3.9	3	51.6	48.8	cambridge
1978	1	5.9	-0.7	15	61.5	39.6	cambridge
1978	2	5.4	0.1	14	39	54.4	cambridge
1978	3	11.1	3.2	2	58.9	116.1	cambridge
1978	4	10.3	2.6	4	44.7	103.2	cambridge
1978	5	16	6.1	0	77.9	187.4	cambridge
1978	6	18.9	9.3	0	45.9	154.8	cambridge
1978	7	19.4	10.4	0	36.9	112.7	cambridge
1978	8	20.2	11.1	0	32.8	137.1	cambridge
1978	9	19.3	10.8	0	40.2	163.1	cambridge
1978	10	16.3	8.6	0	5.2	98.7	cambridge
1978	11	11.7	5	5	13.7	84.9	cambridge
1978	12	6.7	1.6	10	99.3	37.2	cambridge
1979	1	2.5	-3	23	42.8	56.4	cambridge
1979	2	3.5	-1.3	19	46.3	44	cambridge
1979	3	8.4	1.8	3	84.2	94.1	cambridge
1979	4	12.1	4.2	1	33.2	113.8	cambridge
1979	5	15.9	6.6	1	94.6	201.1	cambridge
1979	6	18.9	9.8	0	13.3	177.8	cambridge
1979	7	21.8	11.8	0	11.9	178.2	cambridge
1979	8	20.4	11	0	74.7	170.7	cambridge
1979	9	19.3	9.6	0	18.8	181	cambridge
1979	10	15.5	7.2	0	61.4	120	cambridge
1979	11	10	3.2	3	43.1	68.1	cambridge
1979	12	8.8	3.3	4	104	62.4	cambridge
1980	1	5.6	-0.2	12	33.7	65	cambridge
1980	2	9.1	2.6	6	42.9	49.1	cambridge
1980	3	8.5	1.8	7	57.5	80.5	cambridge
1980	4	13.3	4	2	17.9	160.8	cambridge
1980	5	16.4	5.7	2	7.6	229.6	cambridge
1980	6	19.3	10.2	0	77.2	195.8	cambridge
1980	7	19.3	10.8	0	55.9	161.8	cambridge
1980	8	21.3	12.1	0	56.4	155.3	cambridge
1980	9	19.5	11.1	0	13.4	155.6	cambridge
1980	10	13.3	5.4	3	58.3	136.5	cambridge
1980	11	8.9	3.7	4	41.2	55.7	cambridge
1980	12	8.2	2.2	8	29.6	64.7	cambridge
1981	1	7.4	1.7	12	35.8	50.4	cambridge
1981	2	6.1	-0.2	17	15.8	62.6	cambridge
1981	3	11	5.6	0	97.2	60.1	cambridge
1981	4	11.7	3.8	3	56	143.3	cambridge
1981	5	15.8	7.4	1	58.2	152.6	cambridge
1981	6	18.1	9.7	0	14.2	165	cambridge
1981	7	20.8	11.7	0	73.5	161.6	cambridge
1981	8	21.7	11.9	0	27.3	180	cambridge
1981	9	19.9	10.6	0	62.1	170.8	cambridge
1981	10	12.4	5.5	2	72	140.3	cambridge
1981	11	10.9	4.5	2	27.2	65.2	cambridge
1981	12	3	-2.7	19	31.2	39.6	cambridge
1982	1	5.6	-1.1	14	35.2	51.7	cambridge
1982	2	7.9	1.8	6	20.3	47.3	cambridge
1982	3	10.5	2.3	4	42.8	169.9	cambridge
1982	4	13.4	3.9	4	10	160.6	cambridge
1982	5	17.3	6.4	1	51.1	252.6	cambridge
1982	6	20.2	11.9	0	107.4	163.6	cambridge
1982	7	21.8	12.2	0	53.1	184.3	cambridge
1982	8	21.3	12	0	72.3	187.8	cambridge
1982	9	19.9	10.3	0	53.8	162.3	cambridge
1982	10	13.6	7.5	0	125.8	82.9	cambridge
1982	11	10.6	5.6	4	65.8	63.3	cambridge
1982	12	7.2	1.1	14	48.9	56.6	cambridge
1983	1	9.5	3.9	2	36.6	62	cambridge
1983	2	4.5	-1	17	42.7	95.2	cambridge
1983	3	10.2	3.2	1	35.4	87.8	cambridge
1983	4	11.6	3	3	86.2	147.9	cambridge
1983	5	NA	6.7	0	101.8	147	cambridge
1983	6	NA	10.2	0	33.3	193.1	cambridge
1983	7	25.8	13.5	0	48.6	242.4	cambridge
1983	8	23.4	12.6	0	10.5	220.8	cambridge
1983	9	18.2	10.9	0	70.3	127.1	cambridge
1983	10	14.7	7.1	3	33.5	134.7	cambridge
1983	11	10.4	4.8	6	45.4	38.8	cambridge
1983	12	8.3	2.8	8	35.8	60.9	cambridge
1984	1	6.9	0.6	9	61.9	96.5	cambridge
1984	2	6.2	0.6	8	42	67	cambridge
1984	3	8	1.9	4	31	44.9	cambridge
1984	4	13.4	2	5	13.6	231	cambridge
1984	5	14	5.1	0	76.1	130.3	cambridge
1984	6	19.5	10	0	48.9	210	cambridge
1984	7	22.3	11.2	0	15	213.6	cambridge
1984	8	23.6	12.4	0	60.9	199.1	cambridge
1984	9	17.5	10.5	0	113.3	103.5	cambridge
1984	10	15.6	7.6	0	48.9	113.5	cambridge
1984	11	11.2	5.9	0	87.6	49	cambridge
1984	12	8.2	2.6	9	35.1	67.5	cambridge
1985	1	3.4	-2.2	23	37.3	40.7	cambridge
1985	2	4.9	-1.9	13	14.6	79	cambridge
1985	3	NA	1.1	10	45.8	97.8	cambridge
1985	4	NA	4.9	2	31.2	139.3	cambridge
1985	5	NA	7.1	0	49	132.7	cambridge
1985	6	NA	8.7	0	107	142.9	cambridge
1985	7	21.8	12.4	0	38.5	194.4	cambridge
1985	8	20.1	11.2	0	50.9	158.4	cambridge
1985	9	20.1	10.6	0	18.6	123.1	cambridge
1985	10	15.6	7.3	1	12.4	111.9	cambridge
1985	11	7.1	1.1	11	35.3	93.3	cambridge
1985	12	9.2	4.8	4	73.1	29	cambridge
1986	1	6.3	0.8	9	50.2	75	cambridge
1986	2	0.8	-4	24	10.4	60.2	cambridge
1986	3	9.3	1.3	8	43.2	NA	cambridge
1986	4	9.8	NA	NA	63.6	116.3	cambridge
1986	5	16.3	7.4	0	74.7	189.8	cambridge
1986	6	20.7	9.6	0	13.2	200.8	cambridge
1986	7	21.7	12	0	43.3	172.3	cambridge
1986	8	19.1	10.4	0	70.9	137.8	cambridge
1986	9	17.1	6.5	0	29.3	166.9	cambridge
1986	10	15.6	6.4	1	69.7	114.6	cambridge
1986	11	11	4.4	1	54.5	75.9	cambridge
1986	12	9	2.7	3	54.2	62.8	cambridge
1987	1	2.8	-2.1	22	9.5	44.5	cambridge
1987	2	NA	-0.1	16	27.8	58.1	cambridge
1987	3	NA	0	17	44.9	97.4	cambridge
1987	4	15.2	5.6	0	42.9	151.5	cambridge
1987	5	14.9	5.3	0	46.9	166.8	cambridge
1987	6	17.5	9.2	0	93.5	106.6	cambridge
1987	7	20.6	11.9	0	70.2	148.1	cambridge
1987	8	20.5	11.7	0	71.9	130.8	cambridge
1987	9	18.8	10.1	0	30.5	151.5	cambridge
1987	10	14.1	6.1	2	116.4	120.7	cambridge
1987	11	9	4	2	39.9	42	cambridge
1987	12	8.2	3.3	6	23.5	29.3	cambridge
1988	1	8	2.7	6	100.3	58.1	cambridge
1988	2	7.9	2	5	20.9	123	cambridge
1988	3	9.7	3.1	4	59.3	86.6	cambridge
1988	4	NA	4.1	5	37.2	118.8	cambridge
1988	5	17	7.5	0	38.7	162.5	cambridge
1988	6	18.3	9.9	0	48.1	141.6	cambridge
1988	7	19.4	11.7	0	94.6	153.4	cambridge
1988	8	21.4	11.4	0	46.8	191.6	cambridge
1988	9	NA	10	0	45.8	137.9	cambridge
1988	10	NA	7.8	3	42.7	103.5	cambridge
1988	11	NA	1.2	13	31	79.5	cambridge
1988	12	9.6	4.9	0	23.6	45.6	cambridge
1989	1	8.9	3.1	4	25.8	73.7	cambridge
1989	2	9.6	2.6	5	47.5	103.5	cambridge
1989	3	12.3	4.1	2	40	98.1	cambridge
1989	4	10.6	3.1	2	75.8	123.7	cambridge
1989	5	19.7	7.2	0	6.1	269.1	cambridge
1989	6	21.2	9.5	0	40.5	215.8	cambridge
1989	7	24.8	13.2	0	43	225.5	cambridge
1989	8	24.1	12.1	0	28.8	238.2	cambridge
1989	9	20.5	11.8	0	17.7	116.6	cambridge
1989	10	16.5	9.1	0	32.2	94.9	cambridge
1989	11	9.9	2.5	6	35.3	98.3	cambridge
1989	12	8.3	3.1	5	125.4	22.9	cambridge
1990	1	9.8	4	0	43.8	64.7	cambridge
1990	2	11.4	4.7	1	71.1	102	cambridge
1990	3	NA	4.7	3	23.2	153.2	cambridge
1990	4	13.5	3.1	7	28.2	206.3	cambridge
1990	5	19.1	6.7	0	6.2	225.7	cambridge
1990	6	19.2	9.8	0	30.1	112.5	cambridge
1990	7	23.7	11.5	0	16.9	224.8	cambridge
1990	8	25.7	13.6	0	21.1	230.8	cambridge
1990	9	18.6	8.9	0	37.3	136.8	cambridge
1990	10	16.2	9.5	0	43.7	126.3	cambridge
1990	11	9.8	4.5	1	40.5	40.6	cambridge
1990	12	6.9	2.3	5	45.8	43.1	cambridge
1991	1	6.2	1.2	8	29.9	75.6	cambridge
1991	2	4.6	-1.8	20	23	45.3	cambridge
1991	3	12	4.7	2	37.9	100.3	cambridge
1991	4	12.4	4	3	42.9	147.1	cambridge
1991	5	14.7	6.6	1	13.9	114.5	cambridge
1991	6	16.7	8.8	0	97.6	113.5	cambridge
1991	7	22.9	13.1	0	32.1	192.7	cambridge
1991	8	23.7	12.8	0	41.2	209.8	cambridge
1991	9	20.5	NA	NA	46.5	176.1	cambridge
1991	10	14.1	6.9	1	18.5	88.9	cambridge
1991	11	9.8	4.2	3	54.9	51	cambridge
1991	12	7.3	1.2	12	11.9	43.8	cambridge
1992	1	6.4	1.4	10	67.8	49.5	cambridge
1992	2	9.2	2	8	14	56.1	cambridge
1992	3	11.1	4.6	0	58	74	cambridge
1992	4	13.2	4.9	1	40.7	115.7	cambridge
1992	5	19.8	8.1	0	34.3	234.2	cambridge
1992	6	21.7	10.7	0	35.8	185.2	cambridge
1992	7	21.8	13.1	0	54.4	138.8	cambridge
1992	8	21.2	12.2	0	72.4	163	cambridge
1992	9	18.4	10	0	82	127.7	cambridge
1992	10	11.5	5.1	0	91.6	97.9	cambridge
1992	11	10.8	4.2	1	78.2	62.5	cambridge
1992	12	6.4	0.5	15	31.6	42.5	cambridge
1993	1	9.6	2.9	5	51.3	39.8	cambridge
1993	2	6.6	2.3	3	11.6	37.4	cambridge
1993	3	10.7	3.1	7	19.9	125	cambridge
1993	4	13.4	6.3	0	78.4	108.4	cambridge
1993	5	17.2	7.6	0	47.9	185.7	cambridge
1993	6	20.4	10.5	0	86	186.6	cambridge
1993	7	20.5	11.5	0	54.4	169.1	cambridge
1993	8	20.5	10.6	0	37.5	196.3	cambridge
1993	9	16.7	9.6	0	67.4	95.1	cambridge
1993	10	12.1	6.2	5	88.9	107.6	cambridge
1993	11	7.9	2.1	11	53.5	59.3	cambridge
1993	12	8.5	2.6	5	78.3	43.5	cambridge
1994	1	8.5	2.3	7	70.5	66.6	cambridge
1994	2	6.7	0	13	34.4	82.8	cambridge
1994	3	11.7	4.2	0	36.1	134.1	cambridge
1994	4	12.4	4.3	3	67.3	164.5	cambridge
1994	5	15.1	7.1	0	44.1	135.9	cambridge
1994	6	20.3	10.3	0	20	219.6	cambridge
1994	7	25.8	13.1	0	23	222.1	cambridge
1994	8	22.1	13	0	36.4	176.9	cambridge
1994	9	16.6	10.1	0	72.1	103.2	cambridge
1994	10	13.9	7.9	0	74.9	108.2	cambridge
1994	11	12.6	7	1	27.3	36.6	cambridge
1994	12	NA	2.5	10	41.7	66.7	cambridge
1995	1	NA	1.7	6	86.5	56.9	cambridge
1995	2	9.6	3.3	2	63.1	84.4	cambridge
1995	3	9.9	1.6	12	50.8	185.8	cambridge
1995	4	13.9	4.5	4	10.2	161.7	cambridge
1995	5	17.9	6.2	1	24.4	202.5	cambridge
1995	6	18.7	9.3	0	17.3	159.7	cambridge
1995	7	25.8	13.4	0	27.1	234.9	cambridge
1995	8	25.7	13.1	0	5.3	243.7	cambridge
1995	9	18	10.4	0	105.4	114.8	cambridge
1995	10	17.6	9.5	1	12.7	149.4	cambridge
1995	11	10.9	5	3	29.4	67.3	cambridge
1995	12	4.3	NA	NA	63.9	29.5	cambridge
1996	1	5.8	1.7	8	33.2	21.9	cambridge
1996	2	5.4	-1	18	45.8	82.6	cambridge
1996	3	7.2	1	9	19.5	59.7	cambridge
1996	4	13.7	3.8	6	4.5	148.9	cambridge
1996	5	13.9	4.3	6	19.8	155.8	cambridge
1996	6	21.5	9.4	0	12.4	225.6	cambridge
1996	7	23.2	11.7	0	40.5	207.4	cambridge
1996	8	22.6	12.6	0	63.9	176.3	cambridge
1996	9	18.4	10.1	0	5.6	130.8	cambridge
1996	10	15.9	8.2	0	31.2	143	cambridge
1996	11	9.3	2.7	12	70.9	92.1	cambridge
1996	12	5.1	0.3	15	30.2	52.5	cambridge
1997	1	4.7	-1.2	22	11.6	51.8	cambridge
1997	2	10.5	3.5	3	38.7	60	cambridge
1997	3	13	4.9	0	7	144.8	cambridge
1997	4	13.9	3.9	4	12.5	159.3	cambridge
1997	5	17.6	6.5	1	36.8	222.4	cambridge
1997	6	18.9	11	0	151	135.7	cambridge
1997	7	22.3	11.6	0	25.9	199.3	cambridge
1997	8	26.3	14.1	0	60.5	188.2	cambridge
1997	9	19.9	10.3	0	15	162.4	cambridge
1997	10	14.7	5.8	7	45.1	146.7	cambridge
1997	11	11.7	5.1	4	40.4	48.3	cambridge
1997	12	8.5	3	7	62.4	39.7	cambridge
1998	1	8.1	2.5	6	48.1	46.8	cambridge
1998	2	11.2	3.2	4	4.8	119.9	cambridge
1998	3	11.5	4.6	3	45.2	73.8	cambridge
1998	4	11.9	5.5	1	120.4	111.2	cambridge
1998	5	18.2	7.1	0	6.4	183.6	cambridge
1998	6	18.9	10.8	0	101.9	132.5	cambridge
1998	7	20.8	11.7	0	25.7	144	cambridge
1998	8	22.6	11.1	0	16	201.5	cambridge
1998	9	19.4	11.9	0	104	121.5	cambridge
1998	10	14	8.1	1	77.3	102.2	cambridge
1998	11	8.4	2.4	6	55.1	66.4	cambridge
1998	12	8.7	2.4	10	59.8	37.5	cambridge
1999	1	9.1	2.4	6	50.2	68.6	cambridge
1999	2	8.2	1.8	9	36.1	96.6	cambridge
1999	3	11.7	4	2	40.9	103.4	cambridge
1999	4	14.3	5.2	3	33	153.8	cambridge
1999	5	18.3	8.3	0	49.8	161.4	cambridge
1999	6	19.2	9.7	0	89	197.9	cambridge
1999	7	24.5	12.5	0	24.5	233.2	cambridge
1999	8	21.6	12.4	0	92.5	138.7	cambridge
1999	9	21.3	11.9	0	76.4	148.5	cambridge
1999	10	14.9	7.3	0	43.7	137	cambridge
1999	11	10.6	5.1	0	25.3	63.3	cambridge
1999	12	7.8	1.8	8	63.1	76.1	cambridge
2000	1	8.1	1.8	11	20.5	78.6	cambridge
2000	2	9.8	2.8	5	50.7	106.4	cambridge
2000	3	11.2	4	2	14.6	109.2	cambridge
2000	4	12.4	4.5	4	85.9	138	cambridge
2000	5	16.8	8.5	0	83.8	161.2	cambridge
2000	6	20.5	11.3	0	17.5	162	cambridge
2000	7	20.1	11.8	0	60.7	126.9	cambridge
2000	8	23.1	12.6	0	21.1	207.7	cambridge
2000	9	20	12.6	0	68.1	126.5	cambridge
2000	10	14	8	0	108	98.7	cambridge
2000	11	10.4	3.8	2	108.8	69.6	cambridge
2000	12	8.1	3.5	9	59.6	50	cambridge
2001	1	6.1	0.4	14	47.2	83.8	cambridge
2001	2	8.2	0.9	14	72.4	77.2	cambridge
2001	3	9	2	8	77.4	87.7	cambridge
2001	4	12.1	3.9	1	62.6	132	cambridge
2001	5	18.5	7.2	0	17.5	220.7	cambridge
2001	6	19.9	9.6	0	22.8	194	cambridge
2001	7	23.1	13.2	0	55.1	178.7	cambridge
2001	8	22.9	13.3	0	65.8	180.5	cambridge
2001	9	17.3	10.1	0	68.9	114.9	cambridge
2001	10	17.3	10.9	0	128.9	107.7	cambridge
2001	11	10.6	4	4	36.4	73.7	cambridge
2001	12	6.2	0.4	18	19.3	72	cambridge
2002	1	8.9	2.6	8	33	48.8	cambridge
2002	2	10.7	3.7	4	50.4	82.5	cambridge
2002	3	12	3	7	30.6	122.9	cambridge
2002	4	14.7	4.2	2	33.4	196.2	cambridge
2002	5	16.6	7.9	0	53.5	180.2	cambridge
2002	6	20.1	10.3	0	28.5	182.1	cambridge
2002	7	22	12.3	0	94.6	172.2	cambridge
2002	8	22.9	13.2	0	42	143.8	cambridge
2002	9	19.6	10	0	23.5	147.6	cambridge
2002	10	14.3	6.7	0	67.7	94.4	cambridge
2002	11	11.4	5.7	2	85.9	47.3	cambridge
2002	12	8.2	NA	NA	85.1	20.4	cambridge
2003	1	7	1.6	12	78.6	53	cambridge
2003	2	7.8	0.8	12	12.9	101.5	cambridge
2003	3	12.9	2.4	8	13.7	164	cambridge
2003	4	15.1	4.5	4	24.2	178.3	cambridge
2003	5	17.5	7.5	0	39.9	190	cambridge
2003	6	22.1	11.5	0	60.7	210	cambridge
2003	7	23.7	13.3	0	66.8	184.6	cambridge
2003	8	25.3	13.3	0	2	214.1	cambridge
2003	9	21.3	8.9	0	15.7	196.3	cambridge
2003	10	14	4.8	1	30	141.8	cambridge
2003	11	11.7	5.9	1	80.8	72.9	cambridge
2003	12	8.1	2.3	7	46	57.8	cambridge
2004	1	8.1	2.7	7	69.6	49.2	cambridge
2004	2	8.1	3.3	11	34.3	72.6	cambridge
2004	3	10.5	3.2	3	24.7	96.2	cambridge
2004	4	14.2	5.5	0	41.4	138.9	cambridge
2004	5	16.9	7.9	0	44.5	162.7	cambridge
2004	6	21.2	11.2	0	34	190.9	cambridge
2004	7	22	11.6	0	59.3	173.8	cambridge
2004	8	24	14.1	0	70.7	184.8	cambridge
2004	9	20.6	11.1	0	18.7	169.8	cambridge
2004	10	15	7.8	0	67.2	99	cambridge
2004	11	10.5	5.5	3	45.4	56.6	cambridge
2004	12	8.4	2.5	9	32.2	51.4	cambridge
2005	1	9.2	3.1	5	28.3	66.3	cambridge
2005	2	7.1	1.9	9	22.3	67	cambridge
2005	3	10.7	3.8	7	19.8	66	cambridge
2005	4	14.2	4.3	4	27.7	130.6	cambridge
2005	5	16.6	7	0	47.4	197.6	cambridge
2005	6	21.8	10.9	0	47.1	175.8	cambridge
2005	7	22	12.8	0	43.7	157.5	cambridge
2005	8	22.6	11.5	0	53.3	182.5	cambridge
2005	9	21.1	11.3	0	166.2	148.1	cambridge
2005	10	17.4	10.5	0	61.2	107.1	cambridge
2005	11	10.1	3	9	47.2	101	cambridge
2005	12	7.8	1.8	10	18	75.1	cambridge
2006	1	7	1.5	12	19.8	48.8	cambridge
2006	2	7	1.5	5	25.2	71.1	cambridge
2006	3	9	1.7	12	35.9	105.2	cambridge
2006	4	13.5	5.1	3	30.1	144.5	cambridge
2006	5	17.4	8.7	0	62.8	155.7	cambridge
2006	6	22.5	11.2	0	18.9	220.2	cambridge
2006	7	28.3	14.1	0	45.1	253.5	cambridge
2006	8	21.5	12.2	0	74.9	152.5	cambridge
2006	9	22.7	13.4	0	50	164.7	cambridge
2006	10	17.5	10.5	0	43.2	111.4	cambridge
2006	11	12.5	5.1	2	64.8	109	cambridge
2006	12	9.7	3.3	6	50.5	41	cambridge
2007	1	10.4	3.8	5	68.5	66.2	cambridge
2007	2	9.7	2.3	8	50.9	70.4	cambridge
2007	3	12.1	NA	NA	25.7	161.1	cambridge
2007	4	17.1	NA	NA	1	183.1	cambridge
2007	5	16.9	NA	NA	124.3	121.7	cambridge
2007	6	20.4	11.1	0	59	148.9	cambridge
2007	7	21.6	11	0	62.1	189.7	cambridge
2007	8	21.6	10.8	0	51.1	180.4	cambridge
2007	9	19.5	10	0	25.2	158.1	cambridge
2007	10	15.2	7.2	0	56.4	97.3	cambridge
2007	11	11.1	3.7	5	36.3	77.2	cambridge
2007	12	8.5	1.9	12	38.2	51.9	cambridge
2008	1	10.3	3.8	0	58	63.2	cambridge
2008	2	9.9	0.6	11	12.8	105.2	cambridge
2008	3	10.1	3	5	68.9	117	cambridge
2008	4	13.1	3.8	3	50.8	158.2	cambridge
2008	5	19	7.9	0	62.9	173.9	cambridge
2008	6	19.7	10.4	0	34.6	181.8	cambridge
2008	7	22.8	12.4	0	52.1	188.1	cambridge
2008	8	22.3	13.3	0	64.7	122.7	cambridge
2008	9	18.6	9.6	0	59.5	103.3	cambridge
2008	10	14.4	6.1	1	56.2	130.3	cambridge
2008	11	10.3	4.7	5	68.8	55.5	cambridge
2008	12	6.6	1.4	11	21.3	68	cambridge
2009	1	5.8	0.2	13	40.9	46.2	cambridge
2009	2	7.1	1.8	13	47.9	42.1	cambridge
2009	3	11.9	2.8	6	32.2	149.7	cambridge
2009	4	15.6	5.4	0	12.6	166.1	cambridge
2009	5	18.3	7.7	0	28.4	204	cambridge
2009	6	20.9	10.2	0	NA	NA	cambridge
2009	7	22.5	12.1	0	71	NA	cambridge
2009	8	23.6	13.1	0	58.6	NA	cambridge
2009	9	20.1	10.5	0	10	NA	cambridge
2009	10	15.7	8.3	0	32.2	NA	cambridge
2009	11	12	6.5	0	89.8	NA	cambridge
2009	12	6.2	0.6	12	63.2	NA	cambridge
2010	1	3.9	-0.4	15	46.6	NA	cambridge
2010	2	6.1	0.4	12	70.6	NA	cambridge
2010	3	10.9	2.8	9	26.2	NA	cambridge
2010	4	14.9	3.7	3	12.5	NA	cambridge
2010	5	16.5	5.9	2	28.6	NA	cambridge
2010	6	21.6	10	0	25.4	NA	cambridge
2010	7	24.6	13.8	0	10.8	NA	cambridge
2010	8	21	12.2	0	133.2	NA	cambridge
2010	9	19	10.5	0	46.4	NA	cambridge
2010	10	14.7	7.7	0	39	NA	cambridge
2010	11	8.4	3	9	22.4	NA	cambridge
2010	12	2.8	-2.7	23	19.8	NA	cambridge
2011	1	6.8	2.2	7	52.4	NA	cambridge
2011	2	9.6	4	2	28.2	NA	cambridge
2011	3	11.6	2.7	5	1.8	NA	cambridge
2011	4	18.6	6.5	0	2	NA	cambridge
2011	5	18.7	7.8	1	12.8	NA	cambridge
2011	6	20.3	9.9	0	53	NA	cambridge
2011	7	21.2	10.9	0	NA	NA	cambridge
2011	8	21.6	11.9	0	40.2	NA	cambridge
2011	9	21.2	11.3	0	31.6	NA	cambridge
2011	10	17.9	9.3	0	15.8	NA	cambridge
2011	11	13.3	6.6	2	28	NA	cambridge
2011	12	9.1	3.2	3	43	NA	cambridge
2012	1	9.1	2.8	7	39	NA	cambridge
2012	2	7	0.1	12	17.4	NA	cambridge
2012	3	13.3	2.6	5	23.4	NA	cambridge
2012	4	12.2	3.9	2	95.6	NA	cambridge
2012	5	16.9	7.9	0	42.6	NA	cambridge
2012	6	18.5	10.4	0	91.4	NA	cambridge
2012	7	21.2	12	0	101.4	NA	cambridge
2012	8	23.5	12.9	0	39.2	NA	cambridge
2012	9	19.3	8.9	0	30	NA	cambridge
2012	10	13.5	6.9	0	78.6	NA	cambridge
2012	11	10	4	2	71	NA	cambridge
2012	12	8.1	2.1	10	NA	NA	cambridge
2013	1	5.8	0.5	16	39.8	NA	cambridge
2013	2	6	0.6	9	19.6	NA	cambridge
2013	3	6.2	0.1	16	38.6	NA	cambridge
2013	4	13.2	3.4	11	26.4	NA	cambridge
2013	5	15.9	6.1	1	52	NA	cambridge
2013	6	19.2	9.7	0	14.2	NA	cambridge
2013	7	25.1	12.8	0	32.8	NA	cambridge
2013	8	23.5	13	0	48.2	NA	cambridge
2013	9	19	10	0	34.8	NA	cambridge
2013	10	16.2	9.8	0	78.2	NA	cambridge
2013	11	9.6	3.7	2	40.2	NA	cambridge
2013	12	9.7	3.1	1	36	NA	cambridge
2014	1	9.2	3.1	4	103.6	NA	cambridge
2014	2	9.8	3.8	0	61.2	NA	cambridge
2014	3	13.4	3.4	4	17.4	NA	cambridge
2014	4	15.9	6.3	2	13.8	NA	cambridge
2014	5	17.7	8.7	0	84.6	NA	cambridge
2014	6	20.8	10.7	0	44.4	NA	cambridge
2014	7	24.4	13.5	0	49.2	NA	cambridge
2014	8	21	11.8	0	126.8	NA	cambridge
2014	9	20.5	11	0	23	NA	cambridge
2014	10	17	9.9	0	67.2	NA	cambridge
2014	11	11.9	5.8	3	58.4	NA	cambridge
2014	12	8.5	2.8	8	40.2	NA	cambridge
2015	1	8	1.3	12	NA	NA	cambridge
2015	2	7.4	1.2	10	30.8	NA	cambridge
2015	3	11.1	3.1	4	19.4	NA	cambridge
2015	4	15	4.1	0	20.2	NA	cambridge
2015	5	16.5	7.5	2	NA	NA	cambridge
2015	6	20.3	9.5	0	19	NA	cambridge
2015	7	22.5	12.3	0	78.8	NA	cambridge
2015	8	22.2	12.7	0	47.4	NA	cambridge
2015	9	NA	NA	NA	NA	NA	cambridge
1957	1	8	1.6	7	70.2	59	leuchars
1957	2	6.9	0.1	15	85.7	92	leuchars
1957	3	10.4	4.6	0	38.5	78.2	leuchars
1957	4	11.9	4.5	1	11.6	164.3	leuchars
1957	5	13.2	5.6	0	32.1	200.7	leuchars
1957	6	17.7	9.1	0	18.5	246.9	leuchars
1957	7	18	11.8	0	126.2	119.8	leuchars
1957	8	17.5	11	0	78.1	129.3	leuchars
1957	9	14.6	8	0	36.9	131.5	leuchars
1957	10	13.5	6.4	0	36	93.9	leuchars
1957	11	9.2	4	4	31.8	53.4	leuchars
1957	12	7.2	1.2	9	78.8	62.9	leuchars
1958	1	5.5	-1	16	42.7	64.9	leuchars
1958	2	6.3	-0.3	14	59.4	71	leuchars
1958	3	5.5	0.1	15	103.5	110.8	leuchars
1958	4	10.8	3.4	4	43.9	155.4	leuchars
1958	5	13.4	5.9	0	50.1	214.5	leuchars
1958	6	14.7	8.9	0	60.1	123.8	leuchars
1958	7	18.3	11	0	131.3	175.9	leuchars
1958	8	17.8	10.9	0	65.7	122.4	leuchars
1958	9	17.1	10.5	0	47.6	127.3	leuchars
1958	10	14	7.2	0	38.7	143.2	leuchars
1958	11	9.6	2.7	4	16	47.4	leuchars
1958	12	6.3	1.1	8	97.2	56.8	leuchars
1959	1	4	-2.4	24	22.3	101.4	leuchars
1959	2	7.3	0.8	11	5.5	59.6	leuchars
1959	3	9.4	3.5	2	26.7	93.4	leuchars
1959	4	12.6	4.9	0	52.7	170.4	leuchars
1959	5	14.1	6.8	0	14.3	193.1	leuchars
1959	6	16.9	9.8	0	49.4	208.7	leuchars
1959	7	19.9	11.4	0	83.9	207	leuchars
1959	8	19.7	12.4	0	19.6	171.4	leuchars
1959	9	18	9	0	11.2	171.8	leuchars
1959	10	14.6	7.9	0	32.7	109.6	leuchars
1959	11	9.8	3.9	5	126.3	57.9	leuchars
1959	12	7.5	1.8	6	127.2	27.9	leuchars
1960	1	5.9	0.3	12	107.3	54.2	leuchars
1960	2	5.9	-1	18	57.1	120.3	leuchars
1960	3	7.2	3	3	42.3	78.4	leuchars
1960	4	12.7	4.9	1	50.9	131.4	leuchars
1960	5	15.7	6.6	1	44.6	209.4	leuchars
1960	6	18.4	10	0	37	221.4	leuchars
1960	7	17.8	9.8	0	79.3	156.3	leuchars
1960	8	17.8	10.1	0	109.7	161.8	leuchars
1960	9	16	8.7	0	39.4	126.7	leuchars
1960	10	12.1	7.3	0	126.1	48.1	leuchars
1960	11	8.8	1.6	10	84.9	69	leuchars
1960	12	5.4	-0.5	20	54.7	57.4	leuchars
1961	1	5.5	-0.3	15	67.4	46.3	leuchars
1961	2	9	2.5	6	41.6	81.5	leuchars
1961	3	12.4	4.1	3	19.7	131.8	leuchars
1961	4	11.4	4.4	4	63.1	108.4	leuchars
1961	5	14.3	5.5	1	19.2	203.7	leuchars
1961	6	17.8	8.6	0	25	202	leuchars
1961	7	17.6	9.8	0	83.8	156.6	leuchars
1961	8	18.3	9.4	0	96.4	171.3	leuchars
1961	9	16.8	8.9	0	63.5	108.8	leuchars
1961	10	12.8	6.1	0	74.9	117.9	leuchars
1961	11	8.1	1.4	13	33.3	78.1	leuchars
1961	12	3.9	-2.3	22	72.4	49.9	leuchars
1962	1	6.3	-0.5	14	77.9	79	leuchars
1962	2	7.6	0.9	10	19.1	94.3	leuchars
1962	3	6.2	-1.4	16	20.7	136.2	leuchars
1962	4	10.6	1.7	9	31.5	203.2	leuchars
1962	5	13.5	4.9	0	28.7	187.9	leuchars
1962	6	18.4	7.2	0	16.2	222	leuchars
1962	7	16.4	9.1	0	95.1	172.4	leuchars
1962	8	17	8.8	0	113.2	190.3	leuchars
1962	9	14.7	8.3	0	95.2	78.4	leuchars
1962	10	13.1	6.3	2	12.2	100.2	leuchars
1962	11	7.8	1.4	13	68.9	68.3	leuchars
1962	12	5.4	-1.1	20	46	49.2	leuchars
1963	1	2.8	-2.7	22	48.4	50.8	leuchars
1963	2	3.3	-3.6	23	47.9	86.8	leuchars
1963	3	8.7	1.1	9	64.2	107	leuchars
1963	4	10.6	3.3	4	44.3	147.1	leuchars
1963	5	13.4	4.5	0	31.8	214.9	leuchars
1963	6	15.8	8.8	0	60.6	156.3	leuchars
1963	7	17	9.1	0	45.3	165.1	leuchars
1963	8	16.4	9	0	143.9	97.4	leuchars
1963	9	15.8	7.5	0	54.8	158.3	leuchars
1963	10	13.5	5.5	0	29.7	109.6	leuchars
1963	11	8.5	3.3	8	193.8	51.2	leuchars
1963	12	5.9	0.4	15	13.3	47.7	leuchars
1964	1	7.1	0.7	9	19.9	53.7	leuchars
1964	2	7	0.7	10	26.8	81.1	leuchars
1964	3	6.3	1.9	5	82	49	leuchars
1964	4	11.7	4.8	2	44.8	133.4	leuchars
1964	5	14.4	6.9	0	21.7	162.4	leuchars
1964	6	17	8.2	0	79.6	215.3	leuchars
1964	7	19	10	0	22.7	199.4	leuchars
1964	8	17.6	9.6	0	68.5	146.5	leuchars
1964	9	16.2	7.7	0	57.8	150.6	leuchars
1964	10	11.8	4.2	2	32.7	82.5	leuchars
1964	11	9.3	1.9	10	19.2	76	leuchars
1964	12	5.9	-0.6	17	56.4	50.8	leuchars
1965	1	5	-0.8	17	56.7	73.6	leuchars
1965	2	6.7	0.1	11	5.6	61.7	leuchars
1965	3	7.3	0.3	13	54.6	91.4	leuchars
1965	4	11.7	2.1	3	27.6	186.8	leuchars
1965	5	13.2	5.8	1	53.4	155	leuchars
1965	6	17.1	8.9	0	77.5	178.1	leuchars
1965	7	14.9	8.3	0	87.9	125.2	leuchars
1965	8	17	8.8	0	48	156.9	leuchars
1965	9	15	8.5	0	93.1	87.2	leuchars
1965	10	12.6	6.5	2	57.2	76.7	leuchars
1965	11	6.6	0.6	16	70.8	78.6	leuchars
1965	12	4.9	-1.3	21	59.6	52.8	leuchars
1966	1	5	-0.1	12	57.4	36.7	leuchars
1966	2	5.5	-0.2	14	102	37.4	leuchars
1966	3	10.5	2.4	6	11.2	146.2	leuchars
1966	4	8.3	2.3	8	100	121.2	leuchars
1966	5	14.6	4.9	0	50.6	227.5	leuchars
1966	6	16.3	9.6	0	89.8	109.3	leuchars
1966	7	18.6	9	0	44.2	203.3	leuchars
1966	8	16	9.4	0	139.8	119	leuchars
1966	9	16.7	9.4	0	52.8	122.1	leuchars
1966	10	12.3	4.7	2	80.4	89.7	leuchars
1966	11	7.6	1.2	11	41.9	67.5	leuchars
1966	12	6.3	0.1	12	68.6	61.9	leuchars
1967	1	6.7	0.9	12	53.2	76	leuchars
1967	2	7.9	1.7	8	44.4	79.3	leuchars
1967	3	9.8	2.5	4	30.4	161.4	leuchars
1967	4	12.2	3.1	5	12.5	181.3	leuchars
1967	5	12.1	5	2	99.6	115.4	leuchars
1967	6	17.1	7.8	0	20.4	217.2	leuchars
1967	7	19.1	9.9	0	33.9	173.1	leuchars
1967	8	18.7	9.7	0	61.3	168.5	leuchars
1967	9	16.2	8.7	0	70.1	104.4	leuchars
1967	10	12.9	5.7	0	80.2	135.1	leuchars
1967	11	8.8	2	4	54.1	86.6	leuchars
1967	12	7	1.1	13	20.5	82.4	leuchars
1968	1	6.5	0.2	15	39.8	57.9	leuchars
1968	2	4.8	-1.9	20	37.8	79.2	leuchars
1968	3	9.6	1.7	10	25.7	106.6	leuchars
1968	4	10.6	2.4	11	58.9	162.4	leuchars
1968	5	11	3.9	2	113.5	117.1	leuchars
1968	6	17.3	8	0	17.8	200.4	leuchars
1968	7	16.5	10.4	0	83.2	115.9	leuchars
1968	8	17.6	9.6	0	46.8	188	leuchars
1968	9	15.6	8.6	0	66.2	100.2	leuchars
1968	10	14	7.6	1	111.9	81.7	leuchars
1968	11	8.5	2.9	6	51.5	32.5	leuchars
1968	12	6	0.2	15	39.4	36.6	leuchars
1969	1	7.2	1	11	80.5	59.2	leuchars
1969	2	3.5	-2	17	36.7	73.5	leuchars
1969	3	5.6	0	12	43.9	92.2	leuchars
1969	4	10.2	1.7	9	46.7	161.1	leuchars
1969	5	12.1	5.7	0	151.7	136.1	leuchars
1969	6	17.1	8.3	0	54	218.3	leuchars
1969	7	20.3	10.9	0	29.8	218.8	leuchars
1969	8	19.1	11	0	38.8	164.2	leuchars
1969	9	16.8	8.9	0	43.8	135.9	leuchars
1969	10	15.5	8.1	0	22.7	106.9	leuchars
1969	11	6.9	-0.3	19	56.4	89.5	leuchars
1969	12	5.9	-0.8	16	55.7	42.6	leuchars
1970	1	5.2	0	12	91.5	41.3	leuchars
1970	2	5.5	-1.2	18	41.1	128.4	leuchars
1970	3	7.8	0	15	12.8	143.1	leuchars
1970	4	10	1.5	13	24	161.2	leuchars
1970	5	14.1	6.5	0	56.8	128.1	leuchars
1970	6	16.8	8.7	0	49.8	207.6	leuchars
1970	7	17.1	9.6	0	62.8	144.4	leuchars
1970	8	17.8	10.6	0	81.5	134.4	leuchars
1970	9	16.8	9.2	0	61.5	117.3	leuchars
1970	10	12.8	5.6	1	35.4	98.2	leuchars
1970	11	8.6	2	7	102	75.9	leuchars
1970	12	6.7	1.1	11	32.2	61.9	leuchars
1971	1	6.8	1.3	13	43.9	42.6	leuchars
1971	2	8.1	1.5	7	17.3	69.6	leuchars
1971	3	9	1.1	12	27.3	102	leuchars
1971	4	10.6	3	2	59.2	150.2	leuchars
1971	5	15	5.2	0	57.5	243.1	leuchars
1971	6	14.7	7	0	34.4	142.7	leuchars
1971	7	19.5	10.4	0	77.2	222.7	leuchars
1971	8	17.8	10.2	0	60.6	136.7	leuchars
1971	9	17.5	8.9	0	9	148.2	leuchars
1971	10	14.1	6	7	37.7	121.3	leuchars
1971	11	8.9	1.8	13	57.1	85.6	leuchars
1971	12	9.8	4.1	4	15.9	28.6	leuchars
1972	1	6.1	2	7	102.6	34.1	leuchars
1972	2	6.5	0.5	11	92.9	37.5	leuchars
1972	3	8.5	1.6	6	31.1	109.5	leuchars
1972	4	12.2	4.1	0	44.3	166.5	leuchars
1972	5	13.3	5.7	0	53.6	142.6	leuchars
1972	6	15.3	6.7	0	51.4	191.1	leuchars
1972	7	18	9.4	0	19.3	200.9	leuchars
1972	8	18.1	9.3	0	38.7	169.5	leuchars
1972	9	15.8	6.9	0	4.7	131.9	leuchars
1972	10	13.9	5.4	0	13.7	99.7	leuchars
1972	11	8.6	1.3	9	37.5	74.3	leuchars
1972	12	7.6	1.1	13	54.6	38	leuchars
1973	1	6.9	1.9	6	53.4	50.3	leuchars
1973	2	7.9	0	14	4.4	113.7	leuchars
1973	3	11.2	1.4	14	7.4	148.2	leuchars
1973	4	10.8	2.5	6	33.9	170	leuchars
1973	5	12.8	5.7	1	58.7	137.6	leuchars
1973	6	18.9	9.4	0	17.5	198.4	leuchars
1973	7	19.4	10.7	0	60.6	161.5	leuchars
1973	8	18.1	9.6	0	29.2	172	leuchars
1973	9	16.6	9.1	0	33	112.8	leuchars
1973	10	12.2	4.8	2	41.9	98.8	leuchars
1973	11	8.3	1	12	14.4	93.8	leuchars
1973	12	7.1	0.6	11	61.1	59.8	leuchars
1974	1	8.4	2.3	4	86.9	50.5	leuchars
1974	2	7.8	1.4	8	55.7	73.5	leuchars
1974	3	7.2	2	7	49.2	79.9	leuchars
1974	4	9.9	2.5	7	10.6	153.7	leuchars
1974	5	14.1	5.7	0	54.8	200.4	leuchars
1974	6	16.3	7.5	0	62.6	217.4	leuchars
1974	7	17.9	9.3	0	51.1	194.7	leuchars
1974	8	18.5	9.6	0	40.8	165.7	leuchars
1974	9	14.6	6.8	1	68.3	130.7	leuchars
1974	10	10.8	4.3	2	30	79.7	leuchars
1974	11	8.8	2	8	70.7	79.6	leuchars
1974	12	9.1	3.3	4	50.1	61.1	leuchars
1975	1	8.3	1.6	10	87.5	52.2	leuchars
1975	2	6.5	1.2	9	50.1	47.3	leuchars
1975	3	7.7	0.6	10	18.7	123.8	leuchars
1975	4	11.1	3.5	7	34.8	128.3	leuchars
1975	5	12.2	3.8	1	15.7	245.2	leuchars
1975	6	17.9	7.6	0	31.7	235.5	leuchars
1975	7	19.2	11.4	0	75.4	164.9	leuchars
1975	8	20.4	12.3	0	53.1	173.4	leuchars
1975	9	15.9	7.5	1	88.3	125.5	leuchars
1975	10	13	5.9	1	25.1	88.7	leuchars
1975	11	9	2.2	8	28.1	80.7	leuchars
1975	12	8.4	2	8	13.5	70.7	leuchars
1976	1	7.3	1.3	7	58.1	56.2	leuchars
1976	2	7.2	2.2	6	34.5	55.6	leuchars
1976	3	7.4	1.5	7	64.2	109.9	leuchars
1976	4	11.3	3.6	5	33.3	130.2	leuchars
1976	5	13.7	6.7	0	68.4	129.1	leuchars
1976	6	19.3	10.2	0	10.5	195.9	leuchars
1976	7	20.2	11.5	0	32.2	223.2	leuchars
1976	8	19.5	10.3	0	11	217.7	leuchars
1976	9	15.1	9.1	0	81	85.8	leuchars
1976	10	12.6	6.3	0	148.7	80.4	leuchars
1976	11	8.4	1.2	10	44	92.1	leuchars
1976	12	3.7	-0.7	19	77	65.6	leuchars
1977	1	4.6	-1.4	18	76.4	60.5	leuchars
1977	2	5.7	-0.1	11	141.6	71.1	leuchars
1977	3	9.1	2.5	4	58.8	95.7	leuchars
1977	4	10.6	2.7	8	16.6	184.4	leuchars
1977	5	12.3	4.6	1	34.1	201.4	leuchars
1977	6	15.5	7.7	0	68.2	187.1	leuchars
1977	7	18.4	10.1	0	29.6	202.7	leuchars
1977	8	17.4	9.7	0	59.5	196	leuchars
1977	9	15.5	8.1	0	46.2	113.4	leuchars
1977	10	13.7	7.7	0	105.5	93.9	leuchars
1977	11	8.1	1.8	8	55.7	89.2	leuchars
1977	12	7.8	2.7	5	42.5	49	leuchars
1978	1	4.9	-1.3	20	103.2	59.7	leuchars
1978	2	3.8	-3.4	22	76.5	67.9	leuchars
1978	3	9.4	2.3	7	51.6	120	leuchars
1978	4	8.2	2.7	6	64.5	110.3	leuchars
1978	5	13.9	6.2	0	53.7	212.6	leuchars
1978	6	16.5	8.5	0	42.4	208.5	leuchars
1978	7	17.1	9.8	0	66.1	146	leuchars
1978	8	17.9	10.8	0	84.2	128	leuchars
1978	9	16.2	9.4	0	52.1	116.5	leuchars
1978	10	14.3	7.4	0	15.3	103.7	leuchars
1978	11	10.4	3.9	7	33.8	71.8	leuchars
1978	12	5.7	1.4	12	155.1	21	leuchars
1979	1	3	-3.5	24	44.8	72.4	leuchars
1979	2	4.1	-2	20	4.9	78.4	leuchars
1979	3	7	0.2	13	49.2	128.9	leuchars
1979	4	9.9	2.9	4	52.4	127.5	leuchars
1979	5	12.6	4.5	5	81.5	182.6	leuchars
1979	6	17	8.6	0	33.2	196.7	leuchars
1979	7	19.9	10.2	0	40.6	192.1	leuchars
1979	8	17.1	9.4	0	80.5	141.5	leuchars
1979	9	16.3	7.7	0	17.2	168.2	leuchars
1979	10	12.8	7.5	0	74.2	76.4	leuchars
1979	11	9.1	1.8	11	60.3	79.4	leuchars
1979	12	6.5	0.9	13	105.3	55.2	leuchars
1980	1	4.4	-0.3	13	65.8	46.8	leuchars
1980	2	7	1.6	9	90.8	35.7	leuchars
1980	3	7	0.4	12	80.9	89.3	leuchars
1980	4	12.5	3.6	2	4.6	201.5	leuchars
1980	5	13.9	4.6	0	20	233.3	leuchars
1980	6	17.2	9.2	0	95.8	194.5	leuchars
1980	7	17.2	9.8	0	65.4	135.9	leuchars
1980	8	18.2	10.4	0	72.3	129.3	leuchars
1980	9	16.6	9.9	0	49.7	97.1	leuchars
1980	10	11.3	4.2	4	69.4	129.2	leuchars
1980	11	8.8	3.1	8	66.8	58	leuchars
1980	12	8	2	12	55.8	42.4	leuchars
1981	1	6.9	0.2	15	23.8	66.3	leuchars
1981	2	6.4	-0.1	15	36.5	88.3	leuchars
1981	3	9.5	2.4	6	82.8	116.2	leuchars
1981	4	10.8	2.7	6	19.4	194.3	leuchars
1981	5	14	6.2	3	62.7	206.5	leuchars
1981	6	16.7	8.5	0	56.2	188.4	leuchars
1981	7	18.9	10.1	0	37.4	175	leuchars
1981	8	19.7	10.5	0	16.5	182.1	leuchars
1981	9	17.6	9.3	0	128.8	157.5	leuchars
1981	10	10.3	2.6	6	66.7	137.6	leuchars
1981	11	9.5	2.7	5	52.4	71.2	leuchars
1981	12	3.2	-3.2	22	59.5	50.3	leuchars
1982	1	4.8	-2.2	15	80.4	57.7	leuchars
1982	2	7.8	1.6	8	28.6	71	leuchars
1982	3	9.3	1.6	8	54.3	151.8	leuchars
1982	4	12.6	3.9	0	22.4	185.3	leuchars
1982	5	14.6	4.9	2	37.1	231.3	leuchars
1982	6	16	9.4	0	33.3	103.7	leuchars
1982	7	18.9	10.7	0	30.5	237.6	leuchars
1982	8	18.9	10.4	0	30.6	172.2	leuchars
1982	9	16.8	8.1	0	85.5	137.2	leuchars
1982	10	12.5	6.4	0	135.5	67.5	leuchars
1982	11	9.2	3.3	4	86	80.2	leuchars
1982	12	6.2	-0.6	14	94.2	39.5	leuchars
1983	1	8.2	2.6	6	55.6	73.3	leuchars
1983	2	4.4	-1.3	20	20.4	64	leuchars
1983	3	9.7	3.1	2	55.5	120.2	leuchars
1983	4	9.2	1.7	8	50.8	124.9	leuchars
1983	5	10.8	5.8	0	57.3	101.5	leuchars
1983	6	16	8.3	0	70.6	184.7	leuchars
1983	7	20.5	11.9	0	13.4	179.7	leuchars
1983	8	20.2	11.8	0	27	175.7	leuchars
1983	9	15.3	8.5	0	98.7	116.9	leuchars
1983	10	12.7	5.7	3	48.9	107.1	leuchars
1983	11	9.5	2.9	8	15.9	82.7	leuchars
1983	12	8.4	2.1	9	80.8	38.8	leuchars
1984	1	4.2	-1.4	20	112.7	69.4	leuchars
1984	2	6.3	0.7	9	38.5	64.9	leuchars
1984	3	7.2	1.4	7	102.1	80.6	leuchars
1984	4	10.7	2.8	8	10.2	168.7	leuchars
1984	5	13.4	4.3	4	22.7	230.5	leuchars
1984	6	17.7	9.2	0	35.5	199.4	leuchars
1984	7	20.4	11.1	0	21.3	217.6	leuchars
1984	8	20.1	10.9	0	11.3	186.9	leuchars
1984	9	15.4	8.5	0	78.1	108.1	leuchars
1984	10	13.5	5.4	0	76.9	99.5	leuchars
1984	11	9.3	4.6	3	160.9	43.8	leuchars
1984	12	7.5	2	8	52.9	51.4	leuchars
1985	1	3.9	-1.2	16	62.8	67.4	leuchars
1985	2	6.2	-0.1	13	7.8	79.1	leuchars
1985	3	7.4	0.7	11	77.7	95.3	leuchars
1985	4	11.1	3.5	2	61.7	138.4	leuchars
1985	5	13.4	5.7	0	67.2	177.2	leuchars
1985	6	15	7.5	0	65.2	179.6	leuchars
1985	7	17.8	10.4	0	95.8	150.8	leuchars
1985	8	17.4	9.3	0	101.2	178	leuchars
1985	9	15.7	8.8	0	144.7	104.8	leuchars
1985	10	14.2	6.5	0	19.7	123.7	leuchars
1985	11	6.2	-0.3	15	55	74	leuchars
1985	12	7.5	1.4	10	105	37.2	leuchars
1986	1	5.1	-0.3	16	70.7	58.8	leuchars
1986	2	2.8	-2	20	25.3	49.2	leuchars
1986	3	8.9	1.1	10	26.1	135.3	leuchars
1986	4	8.6	1.6	7	56.3	114.5	leuchars
1986	5	14	6.1	0	78.9	191.6	leuchars
1986	6	16.3	8.3	0	45.1	215.8	leuchars
1986	7	19.3	10.1	0	58.4	196.8	leuchars
1986	8	16	8.1	0	45.9	152.2	leuchars
1986	9	16	6.3	1	19.1	162.2	leuchars
1986	10	13.5	5.7	1	35.6	143.6	leuchars
1986	11	10.3	2.9	5	34	91.2	leuchars
1986	12	7.1	1.1	11	112.5	51.2	leuchars
1987	1	4.3	-1.4	19	49.4	54.3	leuchars
1987	2	6.5	-0.7	15	39.3	81.4	leuchars
1987	3	7.4	0.4	13	60.7	125.4	leuchars
1987	4	12.7	3.9	2	68.1	153.5	leuchars
1987	5	13.4	5.1	0	48	186.8	leuchars
1987	6	14.4	7.5	0	103.1	138.1	leuchars
1987	7	19	10.4	0	61.4	163.7	leuchars
1987	8	18.6	9.9	0	64.7	180	leuchars
1987	9	16.2	7.6	0	47.7	177.3	leuchars
1987	10	11.4	4.4	4	92.9	87.3	leuchars
1987	11	8.8	3.4	2	27.6	77.8	leuchars
1987	12	7.7	2.3	10	44.3	32.8	leuchars
1988	1	6.8	0.5	15	111.5	64.3	leuchars
1988	2	7.5	0.9	10	31.1	86	leuchars
1988	3	9.1	1.3	9	65.1	147.3	leuchars
1988	4	11.1	3.4	2	99.2	131.5	leuchars
1988	5	13.4	6	0	49.2	197.9	leuchars
1988	6	18	9	0	15.3	208.6	leuchars
1988	7	17.8	10.3	0	85.7	180.8	leuchars
1988	8	18.7	10.2	0	87.2	190.6	leuchars
1988	9	16.9	8.2	0	48.1	160.7	leuchars
1988	10	12.2	6	2	94.6	79.4	leuchars
1988	11	8.9	1.2	10	54.5	86.3	leuchars
1988	12	9.9	3.6	3	16.9	58.2	leuchars
1989	1	9.7	3.5	3	25.2	63.8	leuchars
1989	2	8.5	1.6	6	43.1	112.4	leuchars
1989	3	10	1.6	8	49.9	147.4	leuchars
1989	4	9.8	2.4	7	26	141.5	leuchars
1989	5	15.9	6.6	0	24.2	233	leuchars
1989	6	18	7.9	0	34	222.9	leuchars
1989	7	21	10.9	0	14.5	252.6	leuchars
1989	8	19.9	10.2	0	70.6	181.7	leuchars
1989	9	16.5	8.1	0	27.6	126.5	leuchars
1989	10	14.3	6.7	0	60.5	100	leuchars
1989	11	9	3.1	8	23.4	92.9	leuchars
1989	12	6.1	-1	19	55.4	65.6	leuchars
1990	1	8.2	2.1	6	86.1	66.6	leuchars
1990	2	8.9	2.5	6	81.8	87.5	leuchars
1990	3	11.7	4.2	3	17.1	149.2	leuchars
1990	4	12.1	2.8	5	20.7	217.5	leuchars
1990	5	14.5	5.7	0	28.8	216.7	leuchars
1990	6	17.1	8.4	0	107.2	160.5	leuchars
1990	7	18.9	10.2	0	22	242.7	leuchars
1990	8	20.9	11.1	0	39.2	166	leuchars
1990	9	16.1	7.4	0	45.1	134.5	leuchars
1990	10	13.2	7.3	1	117.7	90.1	leuchars
1990	11	8.9	2.8	7	44.6	73.7	leuchars
1990	12	6.8	0.6	13	48	48	leuchars
1991	1	5.3	-1.6	18	77.8	65.8	leuchars
1991	2	5.5	-0.6	18	72.4	69.3	leuchars
1991	3	10	2	8	65	85.5	leuchars
1991	4	11	3.5	5	20.9	194.2	leuchars
1991	5	15.1	6.4	0	19.2	176.4	leuchars
1991	6	15.2	7	0	94.7	164.4	leuchars
1991	7	18.8	12	0	63.1	168.8	leuchars
1991	8	20.6	10.9	0	22.5	202.1	leuchars
1991	9	17.1	7.6	0	41.9	169.1	leuchars
1991	10	12.4	6.2	0	54	90.1	leuchars
1991	11	9.2	2.1	9	38.5	63.2	leuchars
1991	12	7.3	0.4	13	39.3	45.9	leuchars
1992	1	7	-0.7	21	43.7	76.7	leuchars
1992	2	8.6	1	11	27	78.3	leuchars
1992	3	9.9	2.6	7	91.4	100.6	leuchars
1992	4	11.6	3.6	3	41.6	129.3	leuchars
1992	5	14.7	6.7	2	39.1	232.3	leuchars
1992	6	18.6	9.9	0	32.1	197.9	leuchars
1992	7	19.1	9.9	0	57.1	195.2	leuchars
1992	8	17.9	8.8	0	105.9	173	leuchars
1992	9	14.8	8.2	0	105.3	112.5	leuchars
1992	10	10.5	2.4	8	33	102.7	leuchars
1992	11	9.2	1.1	11	69.7	88.7	leuchars
1992	12	5.6	-0.3	15	52.6	51.6	leuchars
1993	1	7.6	0.7	9	167.2	50.7	leuchars
1993	2	9.1	2.8	5	3.8	51.2	leuchars
1993	3	9.7	1.8	9	26.3	125.6	leuchars
1993	4	10.8	4.2	2	101.7	109.9	leuchars
1993	5	12.8	5.7	0	87.7	144.3	leuchars
1993	6	16.9	8.3	0	41.8	159.3	leuchars
1993	7	18.5	9.5	0	57.2	220.6	leuchars
1993	8	17.9	9	0	40.2	165.3	leuchars
1993	9	15	7.1	0	56.9	120.7	leuchars
1993	10	10.9	4.2	8	109.4	130.2	leuchars
1993	11	6.7	0.2	18	57.4	52.8	leuchars
1993	12	5.6	-0.4	16	74	50.2	leuchars
1994	1	6.4	-0.2	16	61.9	72.2	leuchars
1994	2	4.9	-0.6	12	96.8	60.1	leuchars
1994	3	9.5	1.8	6	45.2	150.4	leuchars
1994	4	10.9	2.6	4	41	162.3	leuchars
1994	5	12.3	4.4	1	14.8	235.2	leuchars
1994	6	18.5	8.8	0	32.4	245.1	leuchars
1994	7	19.3	10.8	0	19	181.8	leuchars
1994	8	18.5	9.5	0	31	173.6	leuchars
1994	9	15.8	7.7	0	21.8	135.4	leuchars
1994	10	12.9	5.2	2	39	106.5	leuchars
1994	11	11.6	5.3	2	63.4	73	leuchars
1994	12	7.6	1.5	10	49.4	67.8	leuchars
1995	1	6.3	-0.9	18	62.4	68.2	leuchars
1995	2	7.7	0.8	10	78.6	108.5	leuchars
1995	3	8.4	0.4	14	28.1	154.8	leuchars
1995	4	12.1	3.4	6	31	185.3	leuchars
1995	5	14.7	5.2	5	49.4	208.8	leuchars
1995	6	17.3	8.3	0	33.4	246.5	leuchars
1995	7	20.2	11.2	0	21	212.2	leuchars
1995	8	21.3	11.3	0	11.2	240.6	leuchars
1995	9	16.3	8.8	0	136.6	132.1	leuchars
1995	10	15.2	8	0	94.4	115.3	leuchars
1995	11	10.1	3.8	6	83.2	60.4	leuchars
1995	12	4.8	-0.7	13	53.5	53.2	leuchars
1996	1	6.3	3.3	3	42.8	14.3	leuchars
1996	2	6	-0.4	16	36	100.2	leuchars
1996	3	6.4	1	8	60.8	61.4	leuchars
1996	4	11.1	4.3	1	69	121.4	leuchars
1996	5	12	4.2	3	35.6	191.2	leuchars
1996	6	18.3	8.5	0	21	237.1	leuchars
1996	7	19.9	10.2	0	37.6	208.9	leuchars
1996	8	20	11	0	32.8	196.6	leuchars
1996	9	16.7	9.4	0	18.4	158.9	leuchars
1996	10	14.1	7.2	0	89.6	103.5	leuchars
1996	11	7.3	0.9	16	92.6	105.5	leuchars
1996	12	5.5	0.4	14	69.8	41.4	leuchars
1997	1	5.8	0.1	15	21.3	41.9	leuchars
1997	2	8.6	1.7	8	72.2	98.9	leuchars
1997	3	11.5	3.2	4	27.2	149.6	leuchars
1997	4	13.2	4.3	4	4.2	146.2	leuchars
1997	5	13.6	5.9	2	87.2	186.5	leuchars
1997	6	16	8.7	0	81.4	165.5	leuchars
1997	7	19.4	11.3	0	48.6	195.9	leuchars
1997	8	20.5	12.4	0	24.2	173.5	leuchars
1997	9	17	8.2	0	32.2	181.1	leuchars
1997	10	13.7	5.2	4	29.8	141.2	leuchars
1997	11	10.2	5.5	0	90.6	43.1	leuchars
1997	12	7.8	2.6	7	115.4	34.2	leuchars
1998	1	7.1	0.9	13	78	51.4	leuchars
1998	2	10.7	5	4	9.2	67.8	leuchars
1998	3	10.7	2.6	9	53.2	112.7	leuchars
1998	4	9.7	3.2	6	86.5	122.7	leuchars
1998	5	14.5	6.2	1	46.4	153.7	leuchars
1998	6	16.3	8.6	0	63.2	177.8	leuchars
1998	7	18.3	10.3	0	91.8	139	leuchars
1998	8	18.3	10.5	0	46.7	165.9	leuchars
1998	9	16.4	10.2	0	60.4	110.7	leuchars
1998	10	11.8	5.3	3	108.6	140.1	leuchars
1998	11	8.6	1.5	11	57	79.4	leuchars
1998	12	8.1	1.2	12	36.7	57.6	leuchars
1999	1	6.6	1.3	9	78	61.6	leuchars
1999	2	7.5	0.8	12	28	134.3	leuchars
1999	3	10.1	2.4	6	24	125.5	leuchars
1999	4	11.6	4.2	4	46.2	155.5	leuchars
1999	5	13.8	7	0	56.6	191.9	leuchars
1999	6	16.7	8.6	0	63.4	186.2	leuchars
1999	7	19.2	11	0	34.4	186.9	leuchars
1999	8	17.9	9.9	0	21	163.9	leuchars
1999	9	18.7	10.4	0	76.8	132.9	leuchars
1999	10	13.7	7	0	41.6	105.1	leuchars
1999	11	10.6	3.6	4	46.8	80.2	leuchars
1999	12	6	-0.2	17	86.8	77.3	leuchars
2000	1	8.4	1.5	10	24.2	96.7	leuchars
2000	2	8.4	1.6	8	30	95.3	leuchars
2000	3	11.1	3.6	7	33.8	126.6	leuchars
2000	4	10.7	3.3	5	85	142.8	leuchars
2000	5	14	5.9	0	75	228.2	leuchars
2000	6	16.1	8.4	0	57.6	181.8	leuchars
2000	7	17.7	10.2	0	16	165	leuchars
2000	8	19.8	10.9	0	55.2	169.5	leuchars
2000	9	16.5	9.6	0	126.2	124.2	leuchars
2000	10	13.2	5.3	1	81.6	120.8	leuchars
2000	11	9	2.5	5	95.8	97.3	leuchars
2000	12	6.7	1.9	10	107.2	51.3	leuchars
2001	1	5.4	-1	18	34.3	69.8	leuchars
2001	2	6.5	-0.5	14	88.8	99.7	leuchars
2001	3	7.2	0.3	12	56.1	120.5	leuchars
2001	4	10.6	3	5	43.2	159.8	leuchars
2001	5	15.6	6.3	0	14.5	245.5	leuchars
2001	6	16.7	8.4	0	63	201.5	leuchars
2001	7	18.9	11	0	43.6	149.7	leuchars
2001	8	19	10.6	0	89.2	147.6	leuchars
2001	9	16.1	8.3	0	36.8	121.2	leuchars
2001	10	15.1	9.4	0	100	94.7	leuchars
2001	11	10.4	3.3	6	26.2	79.5	leuchars
2001	12	6.3	-0.1	18	34.2	64.4	leuchars
2002	1	7.8	1	8	97.6	50.1	leuchars
2002	2	8.4	1.6	5	78	80.5	leuchars
2002	3	10	2.6	6	48.1	123.6	leuchars
2002	4	11.7	4	4	28.6	151	leuchars
2002	5	14.7	7	1	42.9	176.1	leuchars
2002	6	17.2	9.8	0	73.4	166.2	leuchars
2002	7	18.1	10.3	0	145.8	145.9	leuchars
2002	8	19.1	12.1	0	88.2	148.9	leuchars
2002	9	17	9.5	0	21.8	125.4	leuchars
2002	10	11.6	5	3	169.6	90.9	leuchars
2002	11	9.9	3.9	3	106.6	65.8	leuchars
2002	12	7	3.7	5	89.4	20.2	leuchars
2003	1	6.8	1.4	13	58.7	66.5	leuchars
2003	2	6.8	-0.1	13	15	102.7	leuchars
2003	3	10.9	2.4	9	25.4	160	leuchars
2003	4	12.3	4.2	2	38.8	199.6	leuchars
2003	5	15	7.2	0	66.8	183.4	leuchars
2003	6	18.6	10	0	43	226.5	leuchars
2003	7	20.5	12.4	0	47.4	173.5	leuchars
2003	8	19.6	11.2	0	12	201.8	leuchars
2003	9	18.2	8.8	0	42.6	151.6	leuchars
2003	10	12.6	4.7	2	23.2	140.2	leuchars
2003	11	11.1	3.2	5	63.4	93.5	leuchars
2003	12	7.5	0.8	10	60	57.1	leuchars
2004	1	7.1	1.5	9	61.3	57.8	leuchars
2004	2	8.3	1	13	18.8	119.7	leuchars
2004	3	10.3	1.9	4	33.4	130.2	leuchars
2004	4	12.7	5.3	2	57.6	107.9	leuchars
2004	5	15.7	6.6	0	31.4	210.4	leuchars
2004	6	18.4	10.2	0	91.2	185.6	leuchars
2004	7	18.9	9.6	0	19	164.9	leuchars
2004	8	18.6	12	0	215.6	134.5	leuchars
2004	9	16.9	9.4	0	59.5	154	leuchars
2004	10	12.6	6.4	0	181.3	95.1	leuchars
2004	11	10.3	3.6	5	42.3	82.1	leuchars
2004	12	8.3	1.4	12	19.8	76.2	leuchars
2005	1	8.9	1.8	7	70.5	73.8	leuchars
2005	2	7.5	1	9	47.9	96.8	leuchars
2005	3	9.7	3.5	6	50	112.5	leuchars
2005	4	11.4	4.2	2	73	170.1	leuchars
2005	5	14	5.3	2	72	220.6	leuchars
2005	6	18.2	10.2	0	64.2	174.3	leuchars
2005	7	20.1	11.1	0	22.6	217.6	leuchars
2005	8	20	10	0	34.8	184.4	leuchars
2005	9	18.1	9.4	0	23.2	113	leuchars
2005	10	14	8.3	0	130.8	52.1	leuchars
2005	11	9.1	2.4	8	55	89.3	leuchars
2005	12	7.3	1.3	10	62.6	50	leuchars
2006	1	6.9	1.4	7	18.6	40.5	leuchars
2006	2	7	1.2	10	25.8	61.2	leuchars
2006	3	6.8	1	13	95.5	75.4	leuchars
2006	4	12	2.4	6	5.2	204.8	leuchars
2006	5	14.4	5.4	1	57.2	217.4	leuchars
2006	6	19	9.8	0	34.8	192.8	leuchars
2006	7	21.9	11.9	0	22.5	203.3	leuchars
2006	8	19.7	10.8	0	45.2	158	leuchars
2006	9	18.6	10.9	0	89.6	129.5	leuchars
2006	10	14.7	7.7	0	103.6	76.8	leuchars
2006	11	10.4	3.5	2	71.2	92.9	leuchars
2006	12	7.5	1.9	9	49.8	66.8	leuchars
2007	1	8.8	2.1	8	67.6	73.3	leuchars
2007	2	8.3	1.7	11	68.4	75.6	leuchars
2007	3	9.9	2.8	5	29.4	136.2	leuchars
2007	4	14.7	5.6	1	10.2	191.3	leuchars
2007	5	14.1	6.4	0	57.2	187.9	leuchars
2007	6	14.8	9.9	0	134.7	67	leuchars
2007	7	18.4	10.3	0	119.8	147.9	leuchars
2007	8	18.3	10.3	0	78.6	165.3	leuchars
2007	9	17	8.4	0	21	150.3	leuchars
2007	10	14.7	6.1	2	20.6	123	leuchars
2007	11	10.3	4.2	3	66.2	69.8	leuchars
2007	12	7	0.3	16	30.8	42.1	leuchars
2008	1	7.5	1.6	7	147	48.8	leuchars
2008	2	8.9	1.2	10	24.2	92.6	leuchars
2008	3	9	1.4	8	40.8	142.1	leuchars
2008	4	10.4	3.7	2	68.6	161.9	leuchars
2008	5	14	7.3	0	18.6	188.6	leuchars
2008	6	17.7	8.5	0	57.8	170.9	leuchars
2008	7	18.5	11.7	0	105.6	109.8	leuchars
2008	8	18.3	11.7	0	165.5	94.9	leuchars
2008	9	16.1	9.4	0	45.8	93.7	leuchars
2008	10	12.2	4.5	2	43.8	126.5	leuchars
2008	11	8.9	2.1	10	29.5	99.5	leuchars
2008	12	6.5	0.2	13	58	49.6	leuchars
2009	1	6	-0.3	16	52.2	67.6	leuchars
2009	2	7.4	1.2	10	34.4	65.9	leuchars
2009	3	10.5	2.4	6	28.8	162.5	leuchars
2009	4	12.6	4.9	0	29	127.2	leuchars
2009	5	14.9	5.9	1	55.4	222.7	leuchars
2009	6	16.2	9.1	0	45.2	157.7	leuchars
2009	7	19.5	11	0	100.2	180.9	leuchars
2009	8	19.4	11.2	0	82.4	168.1	leuchars
2009	9	17.1	9.7	0	89.6	135.6	leuchars
2009	10	13.7	7	0	65.4	89.8	leuchars
2009	11	9.8	3	5	139.8	78.1	leuchars
2009	12	4.9	-2.5	22	68.9	38.9	leuchars
2010	1	4.5	-0.8	14	53.4	59.5	leuchars
2010	2	5.1	-1.5	18	54.7	81.7	leuchars
2010	3	9.5	1.7	6	62.6	108.5	leuchars
2010	4	12.5	3.9	3	28.8	161.4	leuchars
2010	5	14.4	5	3	59.2	204.7	leuchars
2010	6	18.8	9.6	0	20.8	187.9	leuchars
2010	7	19.6	11.2	0	124.2	160.3	leuchars
2010	8	18.7	9.9	0	44.6	153.4	leuchars
2010	9	16.5	9.3	0	114.2	142.1	leuchars
2010	10	12.8	6.1	2	57.6	100.3	leuchars
2010	11	7.5	1.4	11	106	76.6	leuchars
2010	12	2.3	-4.1	26	18.8	73.8	leuchars
2011	1	5.8	-0.4	15	51	53	leuchars
2011	2	7.8	1.4	5	85.6	49.3	leuchars
2011	3	10	2.2	9	66	124.5	leuchars
2011	4	14.5	5.4	1	8	200.3	leuchars
2011	5	15.1	6.1	1	87.2	202.7	leuchars
2011	6	16.9	8.6	0	73.8	155.3	leuchars
2011	7	18	10.2	0	104.6	168.7	leuchars
2011	8	17.5	10.1	0	154.4	113.1	leuchars
2011	9	17.4	9.6	0	60.4	130.1	leuchars
2011	10	13.9	8.2	0	65	76	leuchars
2011	11	12	5.6	0	46.6	67.4	leuchars
2011	12	7.1	0.8	11	51.2	55.3	leuchars
2012	1	7.4	0.4	14	26.2	79.7	leuchars
2012	2	8.7	2.3	9	18.8	91	leuchars
2012	3	13.3	3.7	4	10.4	177	leuchars
2012	4	10.1	2.7	7	98.4	103	leuchars
2012	5	12.5	5.3	1	66.2	206.1	leuchars
2012	6	14.5	8.6	0	135.2	115.9	leuchars
2012	7	17.1	10.3	0	124.4	102.4	leuchars
2012	8	18.6	11.3	0	86	130.6	leuchars
2012	9	16.2	8	1	46	154.8	leuchars
2012	10	11.1	3.8	5	107.8	107.8	leuchars
2012	11	9	1.5	10	44.6	82.4	leuchars
2012	12	6.6	1	11	132	50.2	leuchars
2013	1	6.2	1.8	8	79.2	36.7	leuchars
2013	2	6.8	0.1	12	26.8	88.7	leuchars
2013	3	5.4	-0.6	17	48.6	84.9	leuchars
2013	4	10.6	2.8	4	30.4	177.2	leuchars
2013	5	14.6	5.9	0	67.2	163.1	leuchars
2013	6	17.3	8.8	0	28	156.2	leuchars
2013	7	21.4	12.4	0	62.2	198.6	leuchars
2013	8	20	10.9	0	19.4	128.3	leuchars
2013	9	16.6	8.9	0	35.6	120.4	leuchars
2013	10	13.7	7.8	0	117.4	64.3	leuchars
2013	11	8.6	0.5	16	21	114.6	leuchars
2013	12	8.8	2.6	4	93.4	42.2	leuchars
2014	1	7.2	1.8	9	97	40.8	leuchars
2014	2	8	2.4	4	77.6	69.5	leuchars
2014	3	10.3	3.3	7	36.2	128.6	leuchars
2014	4	12.2	5.5	4	55.4	136.4	leuchars
2014	5	14.9	7.6	1	42.5	123.1	leuchars
2014	6	18.4	10.5	0	62.4	129.1	leuchars
2014	7	20.9	11.1	0	43	208.3	leuchars
2014	8	18.1	9.6	0	112.8	157.8	leuchars
2014	9	17.6	10.1	0	17	101	leuchars
2014	10	14.2	7.5	0	123.2	80.4	leuchars
2014	11	10.5	4.5	2	99.6	43.2	leuchars
2014	12	6.9	0.2	11	43.8	68.8	leuchars
2015	1	NA	NA	NA	NA	70	leuchars
2015	2	7.8	0.5	12	26.4	117.1	leuchars
2015	3	9.7	2.1	9	37	132	leuchars
2015	4	13.3	2.7	4	25	234.1	leuchars
2015	5	14	5	2	78.2	175.8	leuchars
2015	6	17.3	8.2	0	36.4	151.2	leuchars
2015	7	18	10.3	0	112.2	129.5	leuchars
2015	8	19.1	10.3	0	53.2	184.3	leuchars
2015	9	NA	NA	NA	NA	84.4	leuchars
